stid,station_name,latitude,longitude,elevation,record_begins,iem_network,state,country,climate_site,wfo,tzname,ncdc81,ncei91,ugc_county,ugc_zone,county,network,start_year,end_year
PALP,Alpine,70.3443,-150.9447,7.998743,2005-03-01 00:00,AK_ASOS,AK,US,AK3275,AFG,America/Anchorage,USC00502126,USC00500235,AKC185,AKZ203,North Slope,AK_ASOS,2005,2022
PAFM,AMBLER,67.10631,-157.85747,88.0,1988-01-05 00:00,AK_ASOS,AK,US,AKTAKN,AFG,America/Anchorage,USC00503212,USC00503212,AKC188,AKZ217,Northwest Arctic,AK_ASOS,1988,2022
PAKP,ANAKTUVUK PASS,68.1336,-151.74334,643.0,1980-09-11 00:00,AK_ASOS,AK,US,AK3275,AFG,America/Anchorage,USW00026533,USW00026533,AKC185,AKZ206,Yukon-koyukuk,AK_ASOS,1980,2022
PANC,ANCHORAGE INTL ARPT (ASOS),61.16972,-150.02611,40.0,1953-11-01 00:00,AK_ASOS,AK,US,AKTANC,AFC,America/Anchorage,USW00026451,USW00026451,AKC020,AKZ101,Kenai Peninsula,AK_ASOS,1953,2022
PANV,ANVIK AIRPORT,62.64733,-160.19007,99.0,1994-12-31 00:00,AK_ASOS,AK,US,AKTAKN,AFG,America/Anchorage,USW00026502,USW00026502,AKC290,AKZ215,Yukon-koyukuk,AK_ASOS,1994,2022
PARC,ARCTIC VILLAGE,68.11467,-145.57942,636.0,1994-12-31 00:00,AK_ASOS,AK,US,AK3275,AFG,America/Anchorage,USC00501466,USC00501987,AKC290,AKZ218,Yukon-koyukuk,AK_ASOS,1994,2022
PABR,BARROW/POST-ROGERS (ASOS),71.28257,-156.79224,4.0,1945-01-01 00:00,AK_ASOS,AK,US,AK3275,AFG,America/Anchorage,USW00027502,USW00027502,AKC185,AKZ202,North Slope,AK_ASOS,1945,2022
PABE,BETHEL AIRPORT (ASOS),60.78583,-161.82639,46.0,1945-01-01 00:00,AK_ASOS,AK,US,AKTAKN,AFC,America/Anchorage,USW00026615,USW00026615,AKC050,AKZ155,Bethel,AK_ASOS,1945,2022
PABT,Bettles Field,66.9165,-151.5189,199.0,1945-01-01 00:00,AK_ASOS,AK,US,AK3275,AFG,America/Anchorage,USW00026533,USW00026533,AKC290,AKZ219,Yukon-Koyukuk,AK_ASOS,1945,2022
PABV,BIRCHWOOD,61.41639,-149.50722,29.0,1994-01-02 00:00,AK_ASOS,AK,US,AKTANC,AFC,America/Anchorage,USC00502645,USC00502645,AKC020,AKZ101,Kenai Peninsula,AK_ASOS,1994,2022
PABL,BUCKLAND,65.98157,-161.14907,13.125138,1998-12-01 00:00,AK_ASOS,AK,US,AKTAKN,AFG,America/Anchorage,USW00026616,USW00026616,AKC188,AKZ210,Nome,AK_ASOS,1998,2022
PAVA,Chevak,61.5408,-165.6009,23.0,2009-02-10 00:00,AK_ASOS,AK,US,AKTAKN,AFC,America/Nome,USW00026617,USW00026617,AKC270,AKZ155,Bethel,AK_ASOS,2009,2022
PACV,CORDOVA/MILE 13,60.48889,-145.45111,13.0,1942-06-11 00:00,AK_ASOS,AK,US,AK3304,AFC,America/Anchorage,USW00026410,USW00026410,AKC261,AKZ135,Valdez-Cordova,AK_ASOS,1942,2022
PASC,DEADHORSE (ASOS),70.19475,-148.46517,17.0,1972-12-31 00:00,AK_ASOS,AK,US,AK3275,AFG,America/Anchorage,USC00507780,USW00027406,AKC185,AKZ203,North Slope,AK_ASOS,1972,2022
PADE,DEERING AIRPORT (ASOS),66.06956,-162.76637,4.0,1984-05-01 00:00,AK_ASOS,AK,US,AKTAKN,AFG,America/Nome,USW00026616,USW00026616,AKC188,AKZ210,Nome,AK_ASOS,1984,2022
PAEG,EAGLE AIRPORT (ASOS),64.77808,-141.14961,77.0,1981-10-01 00:00,AK_ASOS,AK,US,AK2607,AFG,America/Anchorage,USW00026422,USW00026422,AKC240,AKZ224,SE Fairbanks,AK_ASOS,1981,2022
PAEI,EIELSON AFB,64.66567,-147.1015,167.0,1944-11-11 00:00,AK_ASOS,AK,US,AK6581,AFG,America/Anchorage,USC00502707,USC00502707,AKC090,AKZ222,Fairbanks North Star,AK_ASOS,1944,2022
PAZK,EUREKA,61.937,-147.169,1002.0,1994-12-31 00:00,AK_ASOS,AK,US,AK3304,AFC,America/Anchorage,USC00508409,USC00505397,AKC170,AKZ141,Valdez-Cordova,AK_ASOS,1994,2022
PAFA,FAIRBANKS INTL ARPT (ASOS),64.80389,-147.87611,138.0,1946-01-01 00:00,AK_ASOS,AK,US,AK3275,AFG,America/Anchorage,USW00026411,USW00026411,AKC090,AKZ222,Fairbanks North Star,AK_ASOS,1946,2022
PFYU,FORT YUKON (AWOS),66.56667,-145.26667,131.0,1948-07-01 00:00,AK_ASOS,AK,US,AK6581,AFG,America/Anchorage,USC00501466,USC00501987,AKC290,AKZ220,Yukon-koyukuk,AK_ASOS,1948,2022
PABI,FT.GREELY/ALLEN AAF (ASOS),63.995,-145.71833,398.0,1945-10-15 00:00,AK_ASOS,AK,US,AK6581,AFG,America/Anchorage,USW00026415,USW00026415,AKC240,AKZ223,SE Fairbanks,AK_ASOS,1945,2022
PAGA,GALENA AIRPORT,64.73618,-156.93742,46.0,1942-09-17 00:00,AK_ASOS,AK,US,AKTAKN,AFG,America/Anchorage,USC00503212,USC00503212,AKC290,AKZ216,Yukon-koyukuk,AK_ASOS,1942,2022
PAGL,GOLOVIN,64.54333,-163.03944,8.0,1998-07-01 00:00,AK_ASOS,AK,US,AKTAKN,AFG,America/Nome,USW00026616,USW00026616,AKC180,AKZ211,Nome,AK_ASOS,1998,2022
PAGK,GULKANA ARPT (ASOS),62.1602,-145.457,481.0,1945-01-01 00:00,AK_ASOS,AK,US,AK3304,AFC,America/Anchorage,USW00026425,USW00026425,AKC261,AKZ141,Valdez-Cordova,AK_ASOS,1945,2022
PAHL,Huslia,65.69786,-156.35139,67.0,1999-01-31 00:00,AK_ASOS,AK,US,AKTAKN,AFG,America/Anchorage,USC00503212,USC00503212,AKC290,AKZ216,Northwest Arctic,AK_ASOS,1999,2022
PAIM,INDIAN MTN AFS AWOS,65.99276,-153.70377,389.0,1951-08-01 00:00,AK_ASOS,AK,US,AK0280,AFG,America/Anchorage,USW00026529,USW00026529,AKC290,AKZ219,Yukon-koyukuk,AK_ASOS,1951,2022
PALG,KALSKAG,61.53627,-160.34133,17.0,2008-12-31 00:00,AK_ASOS,AK,US,AKTAKN,AFC,America/Anchorage,USW00026615,USW00026615,AKC050,AKZ155,Bethel,AK_ASOS,2008,2022
PAKV,KALTAG AIRPORT (ASOS),64.31898,-158.74131,60.0,1998-08-01 00:00,AK_ASOS,AK,US,AKTAKN,AFG,America/Anchorage,USW00026502,USW00026502,AKC290,AKZ216,Yukon-koyukuk,AK_ASOS,1998,2022
PAEN,KENAI MUNICIPAL (ASOS),60.5797,-151.2391,29.0,1948-07-01 00:00,AK_ASOS,AK,US,AKTANC,AFC,America/Anchorage,USW00026523,USW00026523,AKC122,AKZ121,Kenai Peninsula,AK_ASOS,1948,2022
PAIK,Kiana,66.97595,-160.43653,51.0,1983-12-22 00:00,AK_ASOS,AK,US,AKTAKN,AFG,America/Anchorage,USW00026616,USW00026616,AKC188,AKZ208,Northwest Arctic,AK_ASOS,1983,2022
PAKN,KING SALMON (ASOS),58.68361,-156.65389,15.0,1942-01-10 00:00,AK_ASOS,AK,US,AKTAKN,AFC,America/Anchorage,USW00025503,USW00025503,AKC060,AKZ161,Lake & Peninsula,AK_ASOS,1942,2022
PADQ,KODIAK (ASOS),57.74997,-152.49386,34.0,1945-01-01 00:00,AK_ASOS,AK,US,AKTADQ,AFC,America/Anchorage,USW00025501,USW00025501,AKC150,AKZ171,Kodiak Island,AK_ASOS,1945,2022
PAOT,Kotzebue / Wien,66.88572,-162.60679,1.0,1945-01-01 00:00,AK_ASOS,AK,US,AKTAKN,AFG,America/Nome,USW00026616,USW00026616,AKC188,AKZ209,Northwest Arctic,AK_ASOS,1945,2022
PAKK,KOYUK,64.93949,-161.15427,40.0,1976-05-03 00:00,AK_ASOS,AK,US,AKTAKN,AFG,America/Anchorage,USW00026616,USW00026616,AKC180,AKZ212,Nome,AK_ASOS,1976,2022
PFKW,Kwethluk,60.7903,-161.4437,6.0,2014-05-15 00:00,AK_ASOS,AK,US,AKTAKN,AFC,America/Anchorage,USW00026615,USW00026615,AKC050,AKZ155,Bethel,AK_ASOS,2014,2022
PADM,MARSHALL,61.86428,-162.02611,31.0,2008-12-31 00:00,AK_ASOS,AK,US,AKTAKN,AFG,America/Nome,USW00026615,USW00026615,AKC270,AKZ214,Bethel,AK_ASOS,2008,2022
PAMC,MCGRATH (ASOS),62.95278,-155.60704,103.0,1948-07-03 00:00,AK_ASOS,AK,US,AKTAKN,AFC,America/Anchorage,USW00026510,USW00026510,AKC290,AKZ151,Yukon-koyukuk,AK_ASOS,1948,2022
PAIN,MCKINLEY PARK,63.7326,-148.91064,524.0,1975-12-02 00:00,AK_ASOS,AK,US,AK3275,AFG,America/Anchorage,USC00505778,USC00505778,AKC068,AKZ225,Yukon-koyukuk,AK_ASOS,1975,2022
PAMY,MEKORYUK,60.37,-166.27,15.0,1983-11-03 00:00,AK_ASOS,AK,US,AKTAKN,AFC,America/Nome,USW00026617,USW00026617,AKC050,AKZ155,Bethel,AK_ASOS,1983,2022
PAMH,MINCHUMINA,63.886,-152.30187,214.0,1948-07-01 00:00,AK_ASOS,AK,US,AK0280,AFG,America/Anchorage,USW00026512,USC00505881,AKC290,AKZ221,Yukon-koyukuk,AK_ASOS,1948,2022
PAMO,MOUNTAIN VILLAGE,62.09528,-163.68194,102.0,2008-12-31 00:00,AK_ASOS,AK,US,AKTAKN,AFG,America/Nome,USW00026615,USW00026615,AKC270,AKZ214,Bethel,AK_ASOS,2008,2022
PANA,Napakiak,60.6903,-161.9785,1.0,1994-08-30 00:00,AK_ASOS,AK,US,AKTAKN,AFC,America/Anchorage,USW00026615,USW00026615,AKC050,AKZ155,Bethel,AK_ASOS,1994,2022
PANN,NENANA/MUN. (ASOS),64.54733,-149.07398,110.0,1943-07-06 00:00,AK_ASOS,AK,US,AK3275,AFG,America/Anchorage,USW00026435,USW00026435,AKC290,AKZ221,Yukon-koyukuk,AK_ASOS,1943,2022
PAFS,NIKOLAI,63.02,-154.36,126.0,2008-12-31 00:00,AK_ASOS,AK,US,AKTANC,AFC,America/Anchorage,USC00503009,USW00026510,AKC290,AKZ151,Yukon-koyukuk,AK_ASOS,2008,2022
PAWN,NOATAK,67.56611,-162.975,30.0,1994-12-31 00:00,AK_ASOS,AK,US,AKTAKN,AFG,America/Nome,USW00026616,USW00026616,AKC188,AKZ208,Northwest Arctic,AK_ASOS,1994,2022
PAOM,NOME (ASOS),64.5122,-165.44525,7.0,1940-01-01 00:00,AK_ASOS,AK,US,AKTAKN,AFG,America/Nome,USW00026617,USW00026617,AKC180,AKZ211,Nome,AK_ASOS,1940,2022
PFNO,Noorvik,66.81753,-161.02225,16.8,1973-01-03 00:00,AK_ASOS,AK,US,AKTAKN,AFG,America/Anchorage,USW00026616,USW00026616,AKC188,AKZ209,Northwest Arctic,AK_ASOS,1973,2022
PAOR,NORTHWAY (ASOS),62.96139,-141.92917,525.0,1945-01-01 00:00,AK_ASOS,AK,US,AK2607,AFG,America/Anchorage,USW00026412,USW00026412,AKC240,AKZ224,Valdez-Cordova,AK_ASOS,1945,2022
PAQT,NUIQSUT (ASOS),70.20995,-151.00556,17.0,1998-08-01 00:00,AK_ASOS,AK,US,AK3275,AFG,America/Anchorage,USC00502126,USW00027515,AKC185,AKZ203,North Slope,AK_ASOS,1998,2022
PAAQ,PALMER MUNICIPAL (ASOS),61.59491,-149.08871,71.0,1972-12-31 00:00,AK_ASOS,AK,US,AKTANC,AFC,America/Anchorage,USW00025331,USW00025331,AKC170,AKZ111,Matanuska-Susitna,AK_ASOS,1972,2022
PPIZ,POINT LAY(DEW/AWOS),69.73288,-163.00534,6.0,1957-08-01 00:00,AK_ASOS,AK,US,AKTAKN,AFG,America/Nome,USW00026616,USW00026642,AKC185,AKZ201,North Slope,AK_ASOS,1957,2022
PAAD,Point Thomson Airstrip,70.136,-146.2901,5.0,2014-07-24 00:00,AK_ASOS,AK,US,AK3275,AFG,America/Anchorage,USC00507780,USW00027406,AKC185,AKZ204,North Slope,AK_ASOS,2014,2022
PARY,RUBY,64.73,-155.47,199.0,1953-06-01 00:00,AK_ASOS,AK,US,AKTAKN,AFG,America/Anchorage,USC00503212,USC00503212,AKC290,AKZ216,Yukon-koyukuk,AK_ASOS,1953,2022
PARS,RUSSIAN MISSION,61.77489,-161.3194,16.0,1976-05-12 00:00,AK_ASOS,AK,US,AKTAKN,AFG,America/Anchorage,USW00026615,USW00026615,AKC270,AKZ215,Bethel,AK_ASOS,1976,2022
PASA,SAVOONGA AIRPORT,63.68639,-170.49264,16.0,1987-06-29 00:00,AK_ASOS,AK,US,AKTAKN,AFG,America/Nome,USW00026618,USW00026617,AKC180,AKZ213,Nome,AK_ASOS,1987,2022
PACM,SCAMMON BAY,61.84454,-165.57375,4.0,2008-12-31 00:00,AK_ASOS,AK,US,AKTAKN,AFG,America/Nome,USW00026617,USW00026617,AKC270,AKZ214,Bethel,AK_ASOS,2008,2022
PASK,SELAWIK,66.60014,-159.98575,8.0,1993-12-31 00:00,AK_ASOS,AK,US,AKTAKN,AFG,America/Anchorage,USW00026502,USW00026502,AKC188,AKZ209,Northwest Arctic,AK_ASOS,1993,2022
PAWD,SEWARD (ASOS),60.12694,-149.41861,18.0,1945-01-01 00:00,AK_ASOS,AK,US,AKTANC,AFC,America/Anchorage,USW00026438,USW00026438,AKC122,AKZ125,Kenai Peninsula,AK_ASOS,1945,2022
PAHX,Shageluk,62.69231,-159.5692,17.0,2014-02-05 00:00,AK_ASOS,AK,US,AKTAKN,AFG,America/Anchorage,USW00026502,USW00026502,AKC290,AKZ215,Yukon-koyukuk,AK_ASOS,2014,2022
PFSH,Shaktoolik,64.37108,-161.22397,7.0,2010-12-05 00:00,AK_ASOS,AK,US,AKTAKN,AFG,America/Anchorage,USW00026502,USW00026502,AKC180,AKZ212,Nome,AK_ASOS,2010,2022
PAGH,Shungnak,66.88808,-157.1624,60.0,1985-02-08 00:00,AK_ASOS,AK,US,AKTAKN,AFG,America/Anchorage,USC00503212,USC00503212,AKC188,AKZ217,Northwest Arctic,AK_ASOS,1985,2022
PASL,SLEETMUTE,61.71667,-157.15,54.0,1994-03-01 00:00,AK_ASOS,AK,US,AKTAKN,AFC,America/Anchorage,USW00026510,USW00026510,AKC050,AKZ151,Bethel,AK_ASOS,1994,2022
PASX,SOLDOTNA,60.47583,-151.03417,33.0,1983-05-01 00:00,AK_ASOS,AK,US,AKTANC,AFC,America/Anchorage,USC00508615,USC00508615,AKC122,AKZ121,Kenai Peninsula,AK_ASOS,1983,2022
PASV,SPARREVOHN (AWOS),61.09721,-155.57477,484.0,1951-07-11 00:00,AK_ASOS,AK,US,AKTAKN,AFC,America/Anchorage,USW00025506,USW00025506,AKC050,AKZ151,Bethel,AK_ASOS,1951,2022
PATK,TALKEETNA (ASOS),62.32,-150.095,109.0,1948-07-01 00:00,AK_ASOS,AK,US,AKTANC,AFC,America/Anchorage,USW00026528,USW00026528,AKC170,AKZ145,Matanuska-Susitna,AK_ASOS,1948,2022
PATA,TANANA/CALHOUN MEM (ASOS),65.17444,-152.10694,67.0,1943-06-01 00:00,AK_ASOS,AK,US,AK0280,AFG,America/Anchorage,USW00026529,USW00026529,AKC290,AKZ221,Yukon-koyukuk,AK_ASOS,1943,2022
PATE,Teller,65.24038,-166.33934,90.0,1943-08-01 00:00,AK_ASOS,AK,US,AKTAKN,AFG,America/Nome,USW00026617,USW00026617,AKC180,AKZ213,Nome,AK_ASOS,1943,2022
PAOO,TOOKSOK BAY,60.54134,-165.08719,18.0,2008-12-31 00:00,AK_ASOS,AK,US,AKTAKN,AFC,America/Nome,USW00026615,USW00026615,AKC050,AKZ155,Bethel,AK_ASOS,2008,2022
PAVD,VALDEZ,61.134,-146.248,37.0,1975-04-30 00:00,AK_ASOS,AK,US,AK3304,AFC,America/Anchorage,USC00509685,USW00026442,AKC261,AKZ131,Valdez-Cordova,AK_ASOS,1975,2022
PAFB,WAINWRIGHT AAF,64.8375,-147.61444,137.0,1941-02-05 00:00,AK_ASOS,AK,US,AK3275,AFG,America/Anchorage,USC00500490,USC00500490,AKC090,AKZ222,Fairbanks North Star,AK_ASOS,1941,2022
PAIW,Wales,65.62258,-168.09494,6.7,2009-01-22 00:00,AK_ASOS,AK,US,AKTAKN,AFG,America/Nome,USW00026618,USW00026617,AKC180,AKZ213,Nome,AK_ASOS,2009,2022
PAWS,WASILLA NEW ARPT,61.57194,-149.54056,113.0,1948-07-01 00:00,AK_ASOS,AK,US,AKTANC,AFC,America/Anchorage,USC00500302,USC00500302,AKC170,AKZ111,Matanuska-Susitna,AK_ASOS,1948,2022
PAWM,White Mountain,64.6892,-163.4128,81.0,2011-11-18 00:00,AK_ASOS,AK,US,AKTAKN,AFG,America/Nome,USW00026617,USW00026617,AKC180,AKZ211,Nome,AK_ASOS,2011,2022
PAWR,WHITTIER,60.777,-148.722,9.0,1975-04-30 00:00,AK_ASOS,AK,US,AKTANC,AFC,America/Anchorage,USC00509829,USC00509829,AKC261,AKZ125,Valdez-Cordova,AK_ASOS,1975,2012
PAYA,Yakutat,59.51209,-139.67103,14.729266,1941-05-01 00:00,AK_ASOS,AK,US,AK7141,AJK,America/Yakutat,USW00025339,USW00025339,AKC282,AKZ017,Yakutat,AK_ASOS,1941,2022
CYLT,ALERT,82.51778,-62.28056,31.0,1987-03-04 00:00,CA_NU_ASOS,NU,CA,,,America/Iqaluit,,,,,,CA_NU_ASOS,1987,2022
CYAB,Arctic Bay Airport,73.0064,-85.0473,45.0,2011-01-13 00:00,CA_NU_ASOS,NU,CA,,,America/Rankin_Inlet,,,,,,CA_NU_ASOS,2011,2022
CYEK,ARVIAT,61.09417,-94.07083,10.0,2000-01-02 00:00,CA_NU_ASOS,NU,CA,,,America/Rankin_Inlet,,,,,,CA_NU_ASOS,2000,2022
CYBK,BAKER LAKE,64.29889,-96.07778,18.0,1946-02-01 00:00,CA_NU_ASOS,NU,CA,,,America/Rankin_Inlet,,,,,,CA_NU_ASOS,1946,2022
CYCB,CAMBRIDGE BAY,69.10806,-105.13833,27.0,1934-10-01 00:00,CA_NU_ASOS,NU,CA,,,America/Cambridge_Bay,,,,,,CA_NU_ASOS,1934,2022
CYTE,CAPE DORSET AIRP,64.23,-76.52667,47.0,2000-01-01 00:00,CA_NU_ASOS,NU,CA,,,America/Iqaluit,,,,,,CA_NU_ASOS,2000,2022
CYCS,CHESTERFIELD INLET,63.33333,-90.71667,11.0,1934-01-01 00:00,CA_NU_ASOS,NU,CA,,,America/Rankin_Inlet,,,,,,CA_NU_ASOS,1934,2022
CYCY,CLYDE RIVER,70.48611,-68.51667,26.0,1977-06-30 00:00,CA_NU_ASOS,NU,CA,,,America/Iqaluit,,,,,,CA_NU_ASOS,1977,2022
CYZS,CORAL HARBOUR,64.19333,-83.35944,64.0,1943-03-01 00:00,CA_NU_ASOS,NU,CA,,,America/Coral_Harbour,,,,,,CA_NU_ASOS,1943,2022
CWEU,EUREKA,79.98333,-85.93333,10.0,1947-05-01 00:00,CA_NU_ASOS,NU,CA,,,America/Rankin_Inlet,,,,,,CA_NU_ASOS,1947,2022
CYHK,GJOA HAVEN,68.63556,-95.84972,46.0,2000-01-02 00:00,CA_NU_ASOS,NU,CA,,,America/Cambridge_Bay,,,,,,CA_NU_ASOS,2000,2022
CWGZ,GRISE FIORD AIRPORT,76.4228,-82.9022,45.0,1978-11-16 00:00,CA_NU_ASOS,NU,CA,,,America/Iqaluit,,,,,,CA_NU_ASOS,1978,2022
CYUX,HALL BEACH,68.7761,-81.2436,8.0,1957-07-31 00:00,CA_NU_ASOS,NU,CA,,,America/Iqaluit,,,,,,CA_NU_ASOS,1957,2022
CYGT,IGLOOLIK AIRPORT,69.36667,-81.81667,51.0,1979-12-19 00:00,CA_NU_ASOS,NU,CA,,,America/Iqaluit,,,,,,CA_NU_ASOS,1979,2022
CYFB,IQALUIT,63.75639,-68.55583,34.0,1942-03-01 00:00,CA_NU_ASOS,NU,CA,,,America/Iqaluit,,,,,,CA_NU_ASOS,1942,2022
CYLC,KIMMIRUT A NWT,62.85,-69.88333,53.0,1933-12-31 00:00,CA_NU_ASOS,NU,CA,,,America/Iqaluit,,,,,,CA_NU_ASOS,1933,2022
CYBB,KUGAARUK,68.53444,-89.80806,15.0,1979-01-30 00:00,CA_NU_ASOS,NU,CA,,,America/Cambridge_Bay,,,,,,CA_NU_ASOS,1979,2022
CYXP,PANGNIRTUNG,66.145,-65.71361,23.0,1933-12-31 00:00,CA_NU_ASOS,NU,CA,,,America/Pangnirtung,,,,,,CA_NU_ASOS,1933,2022
CYIO,POND INLET,72.68944,-77.96889,57.0,1933-12-31 00:00,CA_NU_ASOS,NU,CA,,,America/Iqaluit,,,,,,CA_NU_ASOS,1933,2022
CYVM,QIKIQTARJUAQ,67.54583,-64.03139,6.0,1979-01-30 00:00,CA_NU_ASOS,NU,CA,,,America/Pangnirtung,,,,,,CA_NU_ASOS,1979,2022
CYRT,RANKIN INLET,62.81139,-92.11583,32.0,1981-02-06 00:00,CA_NU_ASOS,NU,CA,,,America/Rankin_Inlet,,,,,,CA_NU_ASOS,1981,2022
CYUT,REPULSE BAY,66.5214,-86.2247,24.0,1978-12-05 00:00,CA_NU_ASOS,NU,CA,,,America/Rankin_Inlet,,,,,,CA_NU_ASOS,1978,2022
CYRB,RESOLUTE BAY,74.71667,-94.96667,67.0,1947-10-10 00:00,CA_NU_ASOS,NU,CA,,,America/Resolute,,,,,,CA_NU_ASOS,1947,2022
CYYH,TALOYOAK,69.54667,-93.57667,28.0,1955-07-02 00:00,CA_NU_ASOS,NU,CA,,,America/Cambridge_Bay,,,,,,CA_NU_ASOS,1955,2022
CYKD,AKLAVIK,68.22333,-135.00583,7.0,1978-12-05 00:00,CA_NT_ASOS,NT,CA,,,America/Yellowknife,,,,,,CA_NT_ASOS,1978,2022
CYVL,Colville Lake,67.0212,-126.1286,246.0,2014-11-14 00:00,CA_NT_ASOS,NT,CA,,,America/Yellowknife,,,,,,CA_NT_ASOS,2014,2022
CZFM,FORT MCPHERSON,67.4,-134.85,43.0,1978-12-05 00:00,CA_NT_ASOS,NT,CA,,,America/Yellowknife,,,,,,CA_NT_ASOS,1978,2022
CYFS,FORT SIMPSON,61.76028,-121.23667,169.0,1934-01-01 00:00,CA_NT_ASOS,NT,CA,,,America/Yellowknife,,,,,,CA_NT_ASOS,1934,2022
CYSM,FORT SMITH,60.0264,-111.92899,203.0,1934-01-01 00:00,CA_NT_ASOS,NT,CA,,,America/Yellowknife,,,,,,CA_NT_ASOS,1934,2022
CYHY,HAY RIVER A,60.83972,-115.78278,166.0,1934-01-01 00:00,CA_NT_ASOS,NT,CA,,,America/Yellowknife,,,,,,CA_NT_ASOS,1934,2022
CYEV,INUVIK MIKE ZUBKO,68.30417,-133.48278,68.0,1958-11-13 00:00,CA_NT_ASOS,NT,CA,,,America/Inuvik,,,,,,CA_NT_ASOS,1958,2022
CYCO,KUGLUKTUK,67.81667,-115.14389,22.0,1934-01-01 00:00,CA_NT_ASOS,NT,CA,,,America/Cambridge_Bay,,,,,,CA_NT_ASOS,1934,2022
CYLK,LUTSEL KE,62.41819,-110.68224,179.0,2000-01-07 00:00,CA_NT_ASOS,NT,CA,,,America/Yellowknife,,,,,,CA_NT_ASOS,2000,2022
CYVQ,NORMAN WELLS,65.2825,-126.80028,74.0,1945-01-01 00:00,CA_NT_ASOS,NT,CA,,,America/Yellowknife,,,,,,CA_NT_ASOS,1945,2022
CYPC,PAULATUK,69.36667,-124.06667,6.0,1983-07-25 00:00,CA_NT_ASOS,NT,CA,,,America/Yellowknife,,,,,,CA_NT_ASOS,1983,2022
CYRA,RAE LAKES,64.11611,-117.30972,213.0,2000-04-09 00:00,CA_NT_ASOS,NT,CA,,,America/Yellowknife,,,,,,CA_NT_ASOS,2000,2022
CYSY,SACHS HARBOUR,72.0,-125.26667,86.0,1955-11-01 00:00,CA_NT_ASOS,NT,CA,,,America/Yellowknife,,,,,,CA_NT_ASOS,1955,2022
CYUB,TUKTOYAKTUK,69.43333,-133.02639,5.0,1963-12-31 00:00,CA_NT_ASOS,NT,CA,,,America/Yellowknife,,,,,,CA_NT_ASOS,1963,2022
CYWE,Wekweeti,64.1908,-114.0768,415.0,2012-11-16 00:00,CA_NT_ASOS,NT,CA,,,America/Yellowknife,,,,,,CA_NT_ASOS,2012,2022
CYZF,YELLOWKNIFE,62.46278,-114.44028,206.0,1942-07-01 00:00,CA_NT_ASOS,NT,CA,,,America/Yellowknife,,,,,,CA_NT_ASOS,1942,2022
CYDB,BURWASH,61.37111,-139.04056,801.0,2000-01-07 00:00,CA_YT_ASOS,YT,CA,,,America/Whitehorse,,,,,,CA_YT_ASOS,2000,2022
CYDA,DAWSON CITY,64.04306,-139.12778,369.0,1934-01-01 00:00,CA_YT_ASOS,YT,CA,,,America/Whitehorse,,,,,,CA_YT_ASOS,1934,2022
CZFA,FARO,62.2075,-133.37583,717.0,1984-02-03 00:00,CA_YT_ASOS,YT,CA,,,America/Whitehorse,,,,,,CA_YT_ASOS,1984,2022
CYMA,MAYO,63.61667,-135.86667,504.0,1934-01-01 00:00,CA_YT_ASOS,YT,CA,,,America/Whitehorse,,,,,,CA_YT_ASOS,1934,2022
CYOC,OLD CROW,67.57056,-139.83917,251.0,1977-06-30 00:00,CA_YT_ASOS,YT,CA,,,America/Whitehorse,,,,,,CA_YT_ASOS,1977,2022
CYZW,TESLIN,60.17278,-132.74278,705.0,1977-06-30 00:00,CA_YT_ASOS,YT,CA,,,America/Whitehorse,,,,,,CA_YT_ASOS,1977,2022
CYQH,WATSON LAKE,60.11639,-128.8225,690.0,1942-04-01 00:00,CA_YT_ASOS,YT,CA,,,America/Whitehorse,,,,,,CA_YT_ASOS,1942,2022
CYXY,WHITEHORSE INTL,60.70944,-135.06889,703.0,1940-10-01 00:00,CA_YT_ASOS,YT,CA,,,America/Whitehorse,,,,,,CA_YT_ASOS,1940,2022
CYPH,INUKJUAK ARPT,58.47194,-78.07694,3.0,2000-01-07 00:00,CA_QC_ASOS,QC,CA,,,America/Montreal,,,,,,CA_QC_ASOS,2000,2022
CYVP,KUUJJUAQ A,58.09611,-68.42694,60.0,1941-11-05 00:00,CA_QC_ASOS,QC,CA,,,America/Montreal,,,,,,CA_QC_ASOS,1941,2022
CYPX,PUVIRNITUQ,60.05056,-77.28694,23.0,1993-02-25 00:00,CA_QC_ASOS,QC,CA,,,America/Montreal,,,,,,CA_QC_ASOS,1993,2022
CYYR,GOOSE BAY,53.31917,-60.42583,49.0,1942-03-21 00:00,CA_NF_ASOS,NF,CA,,,America/Goose_Bay,,,,,,CA_NF_ASOS,1942,2022
CYDP,NAIN AIRPORT,56.5492,-61.6803,7.0,1984-09-21 00:00,CA_NF_ASOS,NF,CA,,,America/Goose_Bay,,,,,,CA_NF_ASOS,1984,2022
EFET,Enontekio,68.36259,23.42432,306.0,2003-12-26 00:00,FI__ASOS,,FI,,,Europe/Helsinki,,,,,,FI__ASOS,2003,2022
EFHA,Halli,61.85605,24.7866,145.0,2003-12-15 00:00,FI__ASOS,,FI,,,Europe/Helsinki,,,,,,FI__ASOS,2003,2022
EFHK,Helsinki,60.31722,24.96333,56.0,2002-12-31 00:00,FI__ASOS,,FI,,,Europe/Helsinki,,,,,,FI__ASOS,2002,2022
EFIV,Ivalo,68.60727,27.40533,148.0,2002-12-31 00:00,FI__ASOS,,FI,,,Europe/Helsinki,,,,,,FI__ASOS,2002,2022
EFJY,Jyvaskyla,62.40445,25.67522,145.0,2002-12-31 00:00,FI__ASOS,,FI,,,Europe/Helsinki,,,,,,FI__ASOS,2002,2022
EFKI,Kajaani,64.28147,27.67527,136.0,1951-12-31 00:00,FI__ASOS,,FI,,,Europe/Helsinki,,,,,,FI__ASOS,1951,2022
EFKE,Kemi,65.7787,24.5821,15.0,2002-12-31 00:00,FI__ASOS,,FI,,,Europe/Helsinki,,,,,,FI__ASOS,2002,2022
EFKT,Kittila,67.70102,24.84685,643.0,2003-12-26 00:00,FI__ASOS,,FI,,,Europe/Helsinki,,,,,,FI__ASOS,2003,2022
EFKK,Kruunupyy,63.72117,23.14313,25.0,2002-12-31 00:00,FI__ASOS,,FI,,,Europe/Helsinki,,,,,,FI__ASOS,2002,2022
EFKU,Kuopio,63.00805,27.79916,102.0,2002-12-31 00:00,FI__ASOS,,FI,,,Europe/Helsinki,,,,,,FI__ASOS,2002,2022
EFKS,Kuusamo,65.96667,29.18333,263.0,2003-12-26 00:00,FI__ASOS,,FI,,,Europe/Helsinki,,,,,,FI__ASOS,2003,2022
EFLP,Lappeenranta,61.04455,28.1444,106.0,2003-12-26 00:00,FI__ASOS,,FI,,,Europe/Helsinki,,,,,,FI__ASOS,2003,2022
EFMA,Mariehamn,60.1222,19.89816,6.0,2002-12-31 00:00,FI__ASOS,,FI,,,Europe/Mariehamn,,,,,,FI__ASOS,2002,2022
EFMI,Mikkeli,61.73333,27.3,138.0,2003-12-26 00:00,FI__ASOS,,FI,,,Europe/Helsinki,,,,,,FI__ASOS,2003,2022
EFOU,Oulu,64.93006,25.35456,15.0,2002-12-31 00:00,FI__ASOS,,FI,,,Europe/Helsinki,,,,,,FI__ASOS,2002,2022
EFPO,Pori,61.46169,21.79998,17.0,2002-12-31 00:00,FI__ASOS,,FI,,,Europe/Helsinki,,,,,,FI__ASOS,2002,2022
EFRO,Rovaniemi,66.55838,25.83211,201.0,2002-12-31 00:00,FI__ASOS,,FI,,,Europe/Helsinki,,,,,,FI__ASOS,2002,2022
EFSA,Savonlinna,61.94306,28.94514,95.0,2003-12-26 00:00,FI__ASOS,,FI,,,Europe/Helsinki,,,,,,FI__ASOS,2003,2022
EFSI,Seinäjoki / Ilmajoki,62.69212,22.83233,91.0,2003-12-15 00:00,FI__ASOS,,FI,,,Europe/Helsinki,,,,,,FI__ASOS,2003,2022
EFTP,Tampere,61.42,23.58,112.0,2002-12-31 00:00,FI__ASOS,,FI,,,Europe/Helsinki,,,,,,FI__ASOS,2002,2022
EFTU,Turku,60.51414,22.26281,59.0,2002-12-31 00:00,FI__ASOS,,FI,,,Europe/Helsinki,,,,,,FI__ASOS,2002,2022
EFUT,Utti,60.89639,26.93835,100.0,2003-12-26 00:00,FI__ASOS,,FI,,,Europe/Helsinki,,,,,,FI__ASOS,2003,2022
EFVA,Vaasa,63.05065,21.76217,4.0,2002-12-31 00:00,FI__ASOS,,FI,,,Europe/Helsinki,,,,,,FI__ASOS,2002,2022
BGAA,Aasiaat,68.72185,-52.78475,41.0,2001-07-21 00:00,GL__ASOS,,GL,,,America/Godthab,,,,,,GL__ASOS,2001,2014
BGPT,FREDICKSHAB/PAAMIUT AIRPORT,61.98,-49.67,2.0,2004-12-31 00:00,GL__ASOS,,GL,,,America/Godthab,,,,,,GL__ASOS,2004,2014
BGGH,Godthaab,64.19315,-51.6766,70.0,2001-07-21 00:00,GL__ASOS,,GL,,,America/Godthab,,,,,,GL__ASOS,2001,2022
BGJN,Ilulissat,69.24028,-51.06611,25.0,2001-07-21 00:00,GL__ASOS,,GL,,,America/Godthab,,,,,,GL__ASOS,2001,2022
BGKK,KULUSUK LUFTHAVN,65.57361,-37.12361,34.0,1943-10-04 00:00,GL__ASOS,,GL,,,America/Godthab,,,,,,GL__ASOS,1943,2022
BGMQ,Maniitsoq,65.41246,-52.93942,15.0,2001-07-21 00:00,GL__ASOS,,GL,,,America/Godthab,,,,,,GL__ASOS,2001,2014
BGBW,Narssarssuaq,61.16052,-45.42598,26.0,1941-07-22 00:00,GL__ASOS,,GL,,,America/Godthab,,,,,,GL__ASOS,1941,2022
BGCO,Neerlerit Inaat,70.75,-22.65,10.0,1986-05-10 00:00,GL__ASOS,,GL,,,America/Scoresbysund,,,,,,GL__ASOS,1986,2014
BGQQ,Qaanaaq,77.46667,-69.21667,19.0,2002-02-21 00:00,GL__ASOS,,GL,,,America/Thule,,,,,,GL__ASOS,2002,2014
BGSS,Sisimiut,66.95129,-53.72932,50.0,2001-07-21 00:00,GL__ASOS,,GL,,,America/Godthab,,,,,,GL__ASOS,2001,2014
BGSF,Sondrestrom,67.01667,-50.71667,53.0,1941-11-30 00:00,GL__ASOS,,GL,,,America/Godthab,,,,,,GL__ASOS,1941,2022
BGTL,Thule,76.53333,-68.75,77.0,1951-09-01 00:00,GL__ASOS,,GL,,,America/Thule,,,,,,GL__ASOS,1951,2022
BGUK,Upernavik,72.79019,-56.13059,127.0,2002-02-21 00:00,GL__ASOS,,GL,,,America/Godthab,,,,,,GL__ASOS,2002,2014
BGUQ,Uummannaq,70.7342,-52.6962,2.0,2001-07-21 00:00,GL__ASOS,,GL,,,America/Godthab,,,,,,GL__ASOS,2001,2014
BIAR,Akureyri,65.68558,-18.10023,27.0,1931-01-03 00:00,IS__ASOS,,IS,,,Atlantic/Reykjavik,,,,,,IS__ASOS,1931,2022
BIEG,Egilsstadir,65.283,-14.4025,38.0,1949-01-01 00:00,IS__ASOS,,IS,,,Atlantic/Reykjavik,,,,,,IS__ASOS,1949,2022
BIKF,Keflavik,63.97468,-22.58758,54.0,1942-09-30 00:00,IS__ASOS,,IS,,,Atlantic/Reykjavik,,,,,,IS__ASOS,1942,2022
BIRK,Reykjavik,64.12845,-21.9407,61.0,1931-01-01 00:00,IS__ASOS,,IS,,,Atlantic/Reykjavik,,,,,,IS__ASOS,1931,2022
ENAL,Alesund,62.56167,6.115,22.0,1972-12-31 00:00,NO__ASOS,,NO,,,Europe/Oslo,,,,,,NO__ASOS,1972,2022
ENAT,Alta,69.9775,23.35806,3.0,1973-01-01 00:00,NO__ASOS,,NO,,,Europe/Oslo,,,,,,NO__ASOS,1973,2022
ENAN,Andoya,69.2925,16.14417,14.0,1931-01-03 00:00,NO__ASOS,,NO,,,Europe/Oslo,,,,,,NO__ASOS,1931,2022
ENDU,Bardufoss,69.05889,18.54,79.0,1940-07-13 00:00,NO__ASOS,,NO,,,Europe/Oslo,,,,,,NO__ASOS,1940,2022
ENBS,Batsfjord,70.6005,29.6914,10.0,2005-01-01 00:00,NO__ASOS,,NO,,,Europe/Oslo,,,,,,NO__ASOS,2005,2022
ENBR,Bergen,60.28917,5.22639,50.0,1972-12-31 00:00,NO__ASOS,,NO,,,Europe/Oslo,,,,,,NO__ASOS,1972,2022
ENBV,Berlevag,70.87139,29.03417,13.0,1975-09-05 00:00,NO__ASOS,,NO,,,Europe/Oslo,,,,,,NO__ASOS,1975,2022
ENBO,Bodo,67.26667,14.36667,13.0,1940-09-17 00:00,NO__ASOS,,NO,,,Europe/Oslo,,,,,,NO__ASOS,1940,2022
ENBN,Bronnoysund,65.46111,12.2175,9.0,1973-01-01 00:00,NO__ASOS,,NO,,,Europe/Oslo,,,,,,NO__ASOS,1973,2022
ENFL,Floro,61.58361,5.02472,9.0,1980-04-06 00:00,NO__ASOS,,NO,,,Europe/Oslo,,,,,,NO__ASOS,1980,2022
ENHF,Hammerfest,70.68056,23.67694,81.0,1940-10-08 00:00,NO__ASOS,,NO,,,Europe/Oslo,,,,,,NO__ASOS,1940,2022
ENEV,Harstad/Narvik,68.51667,16.68333,26.0,1975-09-05 00:00,NO__ASOS,,NO,,,Europe/Oslo,,,,,,NO__ASOS,1975,2022
ENHK,Hasvik,70.4867,22.1397,10.0,2005-01-02 00:00,NO__ASOS,,NO,,,Europe/Oslo,,,,,,NO__ASOS,2005,2022
ENKR,Kirkenes,69.72528,29.8975,91.0,1940-11-01 00:00,NO__ASOS,,NO,,,Europe/Oslo,,,,,,NO__ASOS,1940,2022
ENKB,Kristiansund,63.11178,7.82452,62.0,1972-12-31 00:00,NO__ASOS,,NO,,,Europe/Oslo,,,,,,NO__ASOS,1972,2022
ENNA,Lakselv,70.06881,24.97349,8.0,1973-01-01 00:00,NO__ASOS,,NO,,,Europe/Oslo,,,,,,NO__ASOS,1973,2022
ENMH,Mehamn,71.02972,27.82667,13.0,1975-09-05 00:00,NO__ASOS,,NO,,,Europe/Oslo,,,,,,NO__ASOS,1975,2022
ENML,Molde,62.74472,7.2625,3.0,1976-02-01 00:00,NO__ASOS,,NO,,,Europe/Oslo,,,,,,NO__ASOS,1976,2022
ENOL,Orland,63.69891,9.604,7.0,1972-12-31 00:00,NO__ASOS,,NO,,,Europe/Oslo,,,,,,NO__ASOS,1972,2022
ENRO,Roros,62.57841,11.34235,626.0,1979-03-01 00:00,NO__ASOS,,NO,,,Europe/Oslo,,,,,,NO__ASOS,1979,2022
ENSR,Sorkjosen,69.78684,20.95944,6.0,1975-09-05 00:00,NO__ASOS,,NO,,,Europe/Oslo,,,,,,NO__ASOS,1975,2022
ENSK,Stokmarknes,68.58083,15.02611,3.0,1973-06-20 00:00,NO__ASOS,,NO,,,Europe/Oslo,,,,,,NO__ASOS,1973,2022
ENSB,Svalbard,78.24611,15.46556,29.0,1975-09-29 00:00,NO__ASOS,,NO,,,Arctic/Longyearbyen,,,,,,NO__ASOS,1975,2022
ENTC,Tromso,69.67667,18.91306,10.0,1972-12-31 00:00,NO__ASOS,,NO,,,Europe/Oslo,,,,,,NO__ASOS,1972,2022
ENVA,Trondheim,63.45917,10.935,17.0,1940-04-13 00:00,NO__ASOS,,NO,,,Europe/Oslo,,,,,,NO__ASOS,1940,2022
ENSS,Vardø,70.35539,31.04489,12.0,2005-01-02 00:00,NO__ASOS,,NO,,,Europe/Oslo,,,,,,NO__ASOS,2005,2022
UHMA,Anadyr,64.78333,177.56667,62.0,1933-12-01 00:00,RU__ASOS,,RU,,,Asia/Anadyr,,,,,,RU__ASOS,1933,2022
ULAA,Arkhangelsk,64.50417,40.72778,19.0,1931-01-03 00:00,RU__ASOS,,RU,,,Europe/Moscow,,,,,,RU__ASOS,1931,2022
UESO,Chokurdah,70.624,147.898,26.0,2003-10-29 00:00,RU__ASOS,,RU,,,Asia/Magadan,,,,,,RU__ASOS,2003,2013
UOII,Igarka,67.46667,86.56667,31.0,2003-12-26 00:00,RU__ASOS,,RU,,,Asia/Krasnoyarsk,,,,,,RU__ASOS,2003,2013
USHH,Khanty-Mansiysk,61.01667,69.03333,23.0,1931-12-31 00:00,RU__ASOS,,RU,,,Asia/Yekaterinburg,,,,,,RU__ASOS,1931,2022
UOHH,Khatanga,71.97722,102.46639,33.0,2001-07-21 00:00,RU__ASOS,,RU,,,Asia/Krasnoyarsk,,,,,,RU__ASOS,2001,2013
USRK,Kogalym,62.1904,74.5338,68.0,1988-11-30 00:00,RU__ASOS,,RU,,,Asia/Yekaterinburg,,,,,,RU__ASOS,1988,2017
ULKK,Kotlas,61.23944,46.68944,56.0,1948-01-04 00:00,RU__ASOS,,RU,,,Europe/Moscow,,,,,,RU__ASOS,1948,2013
UHMM,Magadan,59.91099,150.72044,118.0,1945-12-31 00:00,RU__ASOS,,RU,,,Asia/Magadan,,,,,,RU__ASOS,1945,2022
UERR,Mirnyj,62.53333,113.86667,347.0,1961-07-01 00:00,RU__ASOS,,RU,,,Asia/Yakutsk,,,,,,RU__ASOS,1961,2022
ULMM,Murmansk,68.78333,32.75,51.0,1936-12-31 00:00,RU__ASOS,,RU,,,Europe/Moscow,,,,,,RU__ASOS,1936,2022
USMM,Nadym,65.46667,72.66667,15.0,1955-12-31 00:00,RU__ASOS,,RU,,,Asia/Yekaterinburg,,,,,,RU__ASOS,1955,2013
USNN,Nizhnevartovsk,60.95,76.48333,54.0,1969-01-01 00:00,RU__ASOS,,RU,,,Asia/Yekaterinburg,,,,,,RU__ASOS,1969,2022
UOOO,Norilsk,69.31111,87.3322,175.0,2001-11-26 00:00,RU__ASOS,,RU,,,Asia/Krasnoyarsk,,,,,,RU__ASOS,2001,2022
USMU,Novy Urengoy,66.0694,76.5203,59.0,2003-08-04 00:00,RU__ASOS,,RU,,,Asia/Yekaterinburg,,,,,,RU__ASOS,2003,2017
ULPB,Petrozavodsk,61.81667,34.26667,46.0,1931-12-31 00:00,RU__ASOS,,RU,,,Europe/Moscow,,,,,,RU__ASOS,1931,2022
UHMP,Pevek,69.78328,170.59701,4.0,1955-03-04 00:00,RU__ASOS,,RU,,,Asia/Anadyr,,,,,,RU__ASOS,1955,2013
UHMD,Provideniya Bay,64.37814,-173.24331,3.0,1947-05-02 00:00,RU__ASOS,,RU,,,Asia/Anadyr,,,,,,RU__ASOS,1947,2022
USDD,Salekhard,66.5908,66.611,67.0,2001-07-21 00:00,RU__ASOS,,RU,,,Asia/Yekaterinburg,,,,,,RU__ASOS,2001,2017
USRR,Surgut,61.25,73.5,44.0,1931-12-31 00:00,RU__ASOS,,RU,,,Asia/Yekaterinburg,,,,,,RU__ASOS,1931,2022
UUYY,Syktyvkar,61.64705,50.84505,119.0,1931-12-31 00:00,RU__ASOS,,RU,,,Europe/Moscow,,,,,,RU__ASOS,1931,2022
UEST,Tiksi,71.58333,128.91667,7.0,2001-07-21 00:00,RU__ASOS,,RU,,,Asia/Yakutsk,,,,,,RU__ASOS,2001,2013
UUYH,Ukhta,63.57528,53.80583,149.0,2001-07-21 00:00,RU__ASOS,,RU,,,Europe/Moscow,,,,,,RU__ASOS,2001,2013
UUYS,Usinsk,66.005,57.36833,80.0,2001-07-21 00:00,RU__ASOS,,RU,,,Europe/Moscow,,,,,,RU__ASOS,2001,2013
UERP,Yakutia,66.40043,112.03033,509.0,1976-04-03 00:00,RU__ASOS,,RU,,,Asia/Yakutsk,,,,,,RU__ASOS,1976,2022
UEEE,Yakutsk,62.01667,129.71667,103.0,1955-03-04 00:00,RU__ASOS,,RU,,,Asia/Yakutsk,,,,,,RU__ASOS,1955,2022
ESNX,Arvidsjaur,65.59028,19.28194,379.0,1977-06-30 00:00,SE__ASOS,,SE,,,Europe/Stockholm,,,,,,SE__ASOS,1977,2022
ESSD,Borlange,60.42917,15.50083,161.0,1979-08-02 00:00,SE__ASOS,,SE,,,Europe/Stockholm,,,,,,SE__ASOS,1979,2022
ESNG,Gallivare,67.14222,20.64583,310.0,1979-08-03 00:00,SE__ASOS,,SE,,,Europe/Stockholm,,,,,,SE__ASOS,1979,2022
ESUT,Hemavan,65.80611,15.08278,463.0,1973-01-01 00:00,SE__ASOS,,SE,,,Europe/Stockholm,,,,,,SE__ASOS,1973,2022
ESNQ,Kiruna,67.82278,20.34,452.0,1977-06-30 00:00,SE__ASOS,,SE,,,Europe/Stockholm,,,,,,SE__ASOS,1977,2022
ESNK,Kramfors,63.0486,17.76886,19.0,1977-06-30 00:00,SE__ASOS,,SE,,,Europe/Stockholm,,,,,,SE__ASOS,1977,2022
ESPA,Lulea,65.54444,22.12806,34.0,1955-01-01 00:00,SE__ASOS,,SE,,,Europe/Stockholm,,,,,,SE__ASOS,1955,2022
ESNL,Lycksele,64.55,18.71667,214.0,1998-04-08 00:00,SE__ASOS,,SE,,,Europe/Stockholm,,,,,,SE__ASOS,1998,2022
ESUD,Mohed,64.96089,17.69658,279.0,2010-11-08 00:00,SE__ASOS,,SE,,,Europe/Stockholm,,,,,,SE__ASOS,2010,2018
ESKM,Mora,60.95791,14.51138,193.0,1991-08-27 00:00,SE__ASOS,,SE,,,Europe/Stockholm,,,,,,SE__ASOS,1991,2022
ESNO,Ornskoldsvik,63.41167,18.97972,103.0,1973-10-14 00:00,SE__ASOS,,SE,,,Europe/Stockholm,,,,,,SE__ASOS,1973,2022
ESNZ,Östersund,63.19556,14.50028,370.0,1935-01-01 00:00,SE__ASOS,,SE,,,Europe/Stockholm,,,,,,SE__ASOS,1935,2022
ESUP,Pajala,67.2456,23.0689,164.0,2015-05-28 00:00,SE__ASOS,,SE,,,Europe/Stockholm,,,,,,SE__ASOS,2015,2022
ESNS,Skelleftea,64.62472,21.07694,49.0,1979-08-02 00:00,SE__ASOS,,SE,,,Europe/Stockholm,,,,,,SE__ASOS,1979,2022
ESSA,Stockholm,59.62639,17.95083,61.0,1977-06-30 00:00,SE__ASOS,,SE,,,Europe/Stockholm,,,,,,SE__ASOS,1977,2022
ESNN,Sundsvall,62.53167,17.43611,10.0,1955-01-01 00:00,SE__ASOS,,SE,,,Europe/Stockholm,,,,,,SE__ASOS,1955,2022
ESND,Sveg,62.0478,14.4229,358.0,2016-02-27 00:00,SE__ASOS,  ,SE,,,Europe/Stockholm,,,,,,SE__ASOS,2016,2022
ESST,Torsby,60.1576,12.9913,111.75326,2007-02-26 00:00,SE__ASOS,,SE,,,Europe/Stockholm,,,,,,SE__ASOS,2007,2022
ESNU,Umea,63.79183,20.28276,14.0,1977-06-30 00:00,SE__ASOS,,SE,,,Europe/Stockholm,,,,,,SE__ASOS,1977,2022
ESCM,Uppsala,59.8973,17.5886,21.829485,1935-01-01 00:00,SE__ASOS,  ,SE,,,Europe/Stockholm,,,,,,SE__ASOS,1935,2022
ESOW,Vasteras,59.58944,16.63361,31.0,1977-06-30 00:00,SE__ASOS,,SE,,,Europe/Stockholm,,,,,,SE__ASOS,1977,2022
ESPE,Vidsel,65.86778,20.15417,182.0,1973-01-02 00:00,SE__ASOS,,SE,,,Europe/Stockholm,,,,,,SE__ASOS,1973,2022
ESNV,Vilhelmina,64.5791,16.8336,353.0,2015-05-28 00:00,SE__ASOS,,SE,,,Europe/Stockholm,,,,,,SE__ASOS,2015,2022
